{"head": [0.4334705075445816, 0.2786885245901639], "l_shoulder": [0.33607681755829905, 0.3533697632058288], "l_elbow": [0.29766803840877915, 0.4972677595628415], "l_wrist": [0.29492455418381347, 0.6357012750455373], "r_shoulder": [0.5281207133058985, 0.3588342440801457], "r_elbow": [0.6364883401920439, 0.36065573770491804], "r_wrist": [0.7626886145404664, 0.36247723132969034], "l_hip": [0.36899862825788754, 0.6302367941712204], "l_knee": [0.3662551440329218, 0.7540983606557377], "l_ankle": [0.355281207133059, 0.9052823315118397], "r_hip": [0.49382716049382713, 0.6247723132969034], "r_knee": [0.49657064471879286, 0.7504553734061931], "r_ankle": [0.4993141289437586, 0.8998178506375227], "key_line": [4, 3, 9, 8]}