{"head": [0.4828532235939643, 0.21532846715328466], "l_shoulder": [0.38820301783264743, 0.31386861313868614], "l_elbow": [0.345679012345679, 0.4215328467153285], "l_wrist": [0.3497942386831276, 0.5638686131386861], "r_shoulder": [0.5761316872427984, 0.3083941605839416], "r_elbow": [0.6186556927297668, 0.4343065693430657], "r_wrist": [0.6213991769547325, 0.572992700729927], "l_hip": [0.40329218106995884, 0.5985401459854015], "l_knee": [0.3607681755829904, 0.7299270072992701], "l_ankle": [0.3991769547325103, 0.8521897810218978], "r_hip": [0.5528120713305898, 0.6021897810218978], "r_knee": [0.6063100137174211, 0.7116788321167883], "r_ankle": [0.5486968449931413, 0.8613138686131386], "key_line": [6, 7, 12, 11]}