{"head": [0.4799426934097421, 0.22285714285714286], "l_shoulder": [0.39231824417009603, 0.3406193078324226], "l_elbow": [0.2507163323782235, 0.33904761904761904], "l_wrist": [0.1332378223495702, 0.33904761904761904], "r_shoulder": [0.5747599451303155, 0.33879781420765026], "r_elbow": [0.6392318244170097, 0.48633879781420764], "r_wrist": [0.6392318244170097, 0.6156648451730419], "l_hip": [0.41289437585733885, 0.639344262295082], "l_knee": [0.3997134670487106, 0.7885714285714286], "l_ankle": [0.3954154727793696, 0.9219047619047619], "r_hip": [0.5665294924554184, 0.639344262295082], "r_knee": [0.5624142661179699, 0.7868852459016393], "r_ankle": [0.5596707818930041, 0.9398907103825137], "key_line": [3, 4, 8, 9]}