{"head": [0.46227709190672156, 0.29014598540145986], "l_shoulder": [0.36213991769547327, 0.36496350364963503], "l_elbow": [0.2496570644718793, 0.3759124087591241], "l_wrist": [0.15089163237311384, 0.38686131386861317], "r_shoulder": [0.5610425240054869, 0.36496350364963503], "r_elbow": [0.6817558299039781, 0.3722627737226277], "r_wrist": [0.8161865569272977, 0.36678832116788324], "l_hip": [0.38820301783264743, 0.6332116788321168], "l_knee": [0.3936899862825789, 0.7572992700729927], "l_ankle": [0.39094650205761317, 0.9032846715328468], "r_hip": [0.5281207133058985, 0.6295620437956204], "r_knee": [0.5294924554183813, 0.7481751824817519], "r_ankle": [0.532235939643347, 0.906934306569343], "key_line": [3, 4, 8, 9, 4]}